"","code","cluster"
"1","E00056750",4
"2","E00056751",2
"3","E00056752",4
"4","E00056753",4
"5","E00056754",4
"6","E00056755",2
"7","E00056756",2
"8","E00056757",2
"9","E00056758",4
"10","E00056759",2
"11","E00056760",2
"12","E00056761",2
"13","E00056762",4
"14","E00056763",4
"15","E00056764",2
"16","E00056765",2
"17","E00056766",3
"18","E00056767",4
"19","E00056768",4
"20","E00056769",4
"21","E00056770",2
"22","E00056771",4
"23","E00056772",2
"24","E00056773",2
"25","E00056774",2
"26","E00056775",4
"27","E00056776",4
"28","E00056777",2
"29","E00056778",2
"30","E00056779",2
"31","E00056780",2
"32","E00056781",2
"33","E00056782",2
"34","E00056783",2
"35","E00056784",4
"36","E00056786",4
"37","E00056787",4
"38","E00056788",4
"39","E00056789",4
"40","E00056790",2
"41","E00056792",4
"42","E00056793",2
"43","E00056794",2
"44","E00056795",4
"45","E00056796",2
"46","E00056797",4
"47","E00056798",2
"48","E00056799",4
"49","E00056800",2
"50","E00056801",4
"51","E00056802",2
"52","E00056803",2
"53","E00056804",2
"54","E00056805",2
"55","E00056806",2
"56","E00056807",4
"57","E00056808",2
"58","E00056809",4
"59","E00056810",2
"60","E00056811",2
"61","E00056812",2
"62","E00056813",2
"63","E00056814",4
"64","E00056815",4
"65","E00056816",2
"66","E00056817",2
"67","E00056818",2
"68","E00056819",3
"69","E00056820",4
"70","E00056821",4
"71","E00056822",2
"72","E00056823",2
"73","E00056825",2
"74","E00056827",4
"75","E00056828",2
"76","E00056829",2
"77","E00056830",4
"78","E00056831",4
"79","E00056832",2
"80","E00056833",2
"81","E00056834",2
"82","E00056835",2
"83","E00056836",4
"84","E00056837",2
"85","E00056838",2
"86","E00056839",4
"87","E00056840",4
"88","E00056841",4
"89","E00056842",4
"90","E00056843",2
"91","E00056845",4
"92","E00056846",4
"93","E00056847",4
"94","E00056848",2
"95","E00056849",4
"96","E00056850",4
"97","E00056851",4
"98","E00056852",4
"99","E00056853",4
"100","E00056854",4
"101","E00056855",4
"102","E00056856",4
"103","E00056858",4
"104","E00056859",4
"105","E00056861",4
"106","E00056862",4
"107","E00056863",4
"108","E00056864",4
"109","E00056865",4
"110","E00056866",4
"111","E00056867",4
"112","E00056868",4
"113","E00056869",4
"114","E00056871",4
"115","E00056873",4
"116","E00056874",4
"117","E00056875",3
"118","E00056876",4
"119","E00056877",4
"120","E00056878",4
"121","E00056879",4
"122","E00056880",4
"123","E00056881",4
"124","E00056882",3
"125","E00056883",3
"126","E00056884",3
"127","E00056885",4
"128","E00056886",3
"129","E00056887",4
"130","E00056888",4
"131","E00056889",4
"132","E00056890",4
"133","E00056891",4
"134","E00056892",4
"135","E00056893",4
"136","E00056894",4
"137","E00056895",4
"138","E00056897",4
"139","E00056898",2
"140","E00056899",4
"141","E00056900",3
"142","E00056901",3
"143","E00056902",4
"144","E00056903",4
"145","E00056904",2
"146","E00056905",4
"147","E00056906",4
"148","E00056907",4
"149","E00056908",4
"150","E00056909",4
"151","E00056910",4
"152","E00056911",4
"153","E00056912",4
"154","E00056913",2
"155","E00056914",4
"156","E00056915",4
"157","E00056916",4
"158","E00056917",4
"159","E00056918",4
"160","E00056919",2
"161","E00056920",4
"162","E00056921",2
"163","E00056922",4
"164","E00056923",2
"165","E00056924",4
"166","E00056925",4
"167","E00056926",4
"168","E00056927",4
"169","E00056928",2
"170","E00056929",2
"171","E00056930",4
"172","E00056931",4
"173","E00056932",4
"174","E00056933",2
"175","E00056934",4
"176","E00056935",4
"177","E00056936",4
"178","E00056937",4
"179","E00056938",4
"180","E00056939",4
"181","E00056940",4
"182","E00056941",2
"183","E00056942",2
"184","E00056943",2
"185","E00056944",2
"186","E00056945",4
"187","E00056946",2
"188","E00056947",2
"189","E00056948",2
"190","E00056949",2
"191","E00056950",2
"192","E00056951",2
"193","E00056952",2
"194","E00056953",2
"195","E00056954",2
"196","E00056955",2
"197","E00056956",2
"198","E00056957",2
"199","E00056958",2
"200","E00056959",2
"201","E00056960",2
"202","E00056961",2
"203","E00056962",4
"204","E00056963",4
"205","E00056964",4
"206","E00056965",4
"207","E00056966",4
"208","E00056967",4
"209","E00056968",2
"210","E00056969",2
"211","E00056970",2
"212","E00056971",2
"213","E00056972",4
"214","E00056973",2
"215","E00056974",2
"216","E00056975",2
"217","E00056976",2
"218","E00056977",2
"219","E00056978",2
"220","E00056979",2
"221","E00056981",4
"222","E00056982",4
"223","E00056983",4
"224","E00056984",4
"225","E00056985",2
"226","E00056986",4
"227","E00056987",4
"228","E00056988",4
"229","E00056989",4
"230","E00056990",4
"231","E00056991",2
"232","E00056992",4
"233","E00056993",4
"234","E00056994",4
"235","E00056995",4
"236","E00056997",4
"237","E00056998",4
"238","E00056999",4
"239","E00057000",4
"240","E00057001",4
"241","E00057002",4
"242","E00057003",4
"243","E00057004",4
"244","E00057005",4
"245","E00057006",4
"246","E00057007",4
"247","E00057008",4
"248","E00057009",4
"249","E00057010",4
"250","E00057011",4
"251","E00057012",4
"252","E00057013",4
"253","E00057014",4
"254","E00057015",4
"255","E00057016",4
"256","E00057017",2
"257","E00057018",4
"258","E00057019",4
"259","E00057020",4
"260","E00057021",4
"261","E00057022",4
"262","E00057023",4
"263","E00057024",4
"264","E00057025",4
"265","E00057026",4
"266","E00057027",4
"267","E00057028",4
"268","E00057029",4
"269","E00057030",3
"270","E00057031",4
"271","E00057032",4
"272","E00057033",3
"273","E00057034",4
"274","E00057035",4
"275","E00057036",2
"276","E00057037",4
"277","E00057038",4
"278","E00057039",4
"279","E00057040",4
"280","E00057041",4
"281","E00057042",4
"282","E00057043",4
"283","E00057044",4
"284","E00057045",4
"285","E00057046",4
"286","E00057047",4
"287","E00057048",4
"288","E00057049",4
"289","E00057050",4
"290","E00057051",4
"291","E00057052",4
"292","E00057053",4
"293","E00057054",2
"294","E00057055",4
"295","E00057056",4
"296","E00057057",4
"297","E00057058",4
"298","E00057059",4
"299","E00057060",2
"300","E00057062",4
"301","E00057063",4
"302","E00057064",4
"303","E00057065",4
"304","E00057066",4
"305","E00057067",4
"306","E00057068",4
"307","E00057069",4
"308","E00057070",4
"309","E00057071",4
"310","E00057072",4
"311","E00057073",2
"312","E00057074",4
"313","E00057075",2
"314","E00057076",4
"315","E00057077",4
"316","E00057078",4
"317","E00057079",4
"318","E00057080",4
"319","E00057081",4
"320","E00057082",4
"321","E00057083",4
"322","E00057084",4
"323","E00057085",4
"324","E00057086",4
"325","E00057087",4
"326","E00057088",4
"327","E00057089",4
"328","E00057090",4
"329","E00057091",4
"330","E00057092",4
"331","E00057093",4
"332","E00057094",4
"333","E00057095",4
"334","E00057096",4
"335","E00057097",4
"336","E00057098",4
"337","E00057099",4
"338","E00057100",4
"339","E00057101",2
"340","E00057102",4
"341","E00057103",4
"342","E00057104",4
"343","E00057105",4
"344","E00057106",4
"345","E00057107",4
"346","E00057108",4
"347","E00057109",4
"348","E00057110",4
"349","E00057111",4
"350","E00057112",4
"351","E00057113",4
"352","E00057114",4
"353","E00057115",4
"354","E00057116",4
"355","E00057117",4
"356","E00057118",4
"357","E00057119",2
"358","E00057120",4
"359","E00057121",4
"360","E00057122",4
"361","E00057123",4
"362","E00057124",3
"363","E00057125",4
"364","E00057126",4
"365","E00057127",4
"366","E00057128",4
"367","E00057129",4
"368","E00057130",4
"369","E00057131",4
"370","E00057132",4
"371","E00057133",4
"372","E00057134",4
"373","E00057135",4
"374","E00057136",4
"375","E00057137",4
"376","E00057138",3
"377","E00057139",4
"378","E00057140",4
"379","E00057141",3
"380","E00057142",4
"381","E00057144",4
"382","E00057145",4
"383","E00057146",3
"384","E00057147",4
"385","E00057148",4
"386","E00057149",4
"387","E00057150",4
"388","E00057151",4
"389","E00057152",4
"390","E00057153",4
"391","E00057154",4
"392","E00057155",4
"393","E00057156",4
"394","E00057157",4
"395","E00057158",4
"396","E00057159",4
"397","E00057160",4
"398","E00057161",4
"399","E00057162",4
"400","E00057163",4
"401","E00057164",4
"402","E00057165",4
"403","E00057166",4
"404","E00057167",4
"405","E00057169",3
"406","E00057170",4
"407","E00057171",4
"408","E00057172",4
"409","E00057173",3
"410","E00057175",3
"411","E00057176",4
"412","E00057177",3
"413","E00057178",4
"414","E00057179",2
"415","E00057180",4
"416","E00057181",4
"417","E00057182",3
"418","E00057183",3
"419","E00057184",4
"420","E00057185",4
"421","E00057186",4
"422","E00057187",4
"423","E00057188",4
"424","E00057189",4
"425","E00057190",4
"426","E00057191",4
"427","E00057192",4
"428","E00057193",2
"429","E00057194",4
"430","E00057195",4
"431","E00057196",4
"432","E00057197",2
"433","E00057198",2
"434","E00057199",4
"435","E00057200",4
"436","E00057202",4
"437","E00057204",4
"438","E00057205",4
"439","E00057206",4
"440","E00057207",3
"441","E00057208",3
"442","E00057209",4
"443","E00057210",4
"444","E00057211",3
"445","E00057212",3
"446","E00057213",3
"447","E00057214",4
"448","E00057215",4
"449","E00057216",4
"450","E00057217",4
"451","E00057218",4
"452","E00057220",4
"453","E00057221",4
"454","E00057222",3
"455","E00057223",4
"456","E00057225",4
"457","E00057226",4
"458","E00057227",3
"459","E00057228",2
"460","E00057229",4
"461","E00057230",3
"462","E00057231",2
"463","E00057232",3
"464","E00057233",4
"465","E00057234",3
"466","E00057235",3
"467","E00057236",2
"468","E00057238",3
"469","E00057239",4
"470","E00057240",3
"471","E00057241",4
"472","E00057242",4
"473","E00057244",3
"474","E00057245",4
"475","E00057246",2
"476","E00057247",3
"477","E00057248",4
"478","E00057249",2
"479","E00057250",4
"480","E00057251",2
"481","E00057252",3
"482","E00057253",4
"483","E00057254",4
"484","E00057255",4
"485","E00057256",4
"486","E00057257",4
"487","E00057258",4
"488","E00057259",4
"489","E00057261",4
"490","E00057262",4
"491","E00057264",4
"492","E00057265",4
"493","E00057266",4
"494","E00057267",4
"495","E00057268",4
"496","E00057269",4
"497","E00057270",4
"498","E00057271",4
"499","E00057272",4
"500","E00057273",4
"501","E00057274",4
"502","E00057275",4
"503","E00057276",4
"504","E00057277",3
"505","E00057278",4
"506","E00057280",3
"507","E00057281",4
"508","E00057282",4
"509","E00057283",4
"510","E00057284",4
"511","E00057285",4
"512","E00057286",4
"513","E00057287",2
"514","E00057288",2
"515","E00057289",4
"516","E00057290",4
"517","E00057291",4
"518","E00057292",4
"519","E00057293",2
"520","E00057294",2
"521","E00057295",3
"522","E00057296",3
"523","E00057297",4
"524","E00057298",4
"525","E00057300",3
"526","E00057303",4
"527","E00057304",4
"528","E00057305",4
"529","E00057307",4
"530","E00057309",4
"531","E00057310",4
"532","E00057311",4
"533","E00057312",3
"534","E00057313",3
"535","E00057315",4
"536","E00057316",4
"537","E00057321",3
"538","E00057322",4
"539","E00057323",3
"540","E00057325",3
"541","E00057326",4
"542","E00057327",4
"543","E00057328",4
"544","E00057329",4
"545","E00057330",4
"546","E00057331",4
"547","E00057332",4
"548","E00057333",4
"549","E00057334",2
"550","E00057335",2
"551","E00057336",2
"552","E00057337",2
"553","E00057338",4
"554","E00057339",2
"555","E00057340",4
"556","E00057341",2
"557","E00057342",2
"558","E00057343",4
"559","E00057344",4
"560","E00057345",4
"561","E00057346",4
"562","E00057347",4
"563","E00057348",4
"564","E00057349",2
"565","E00057350",2
"566","E00057351",4
"567","E00057352",2
"568","E00057353",2
"569","E00057354",2
"570","E00057355",2
"571","E00057356",4
"572","E00057357",4
"573","E00057358",2
"574","E00057359",2
"575","E00057360",2
"576","E00057361",2
"577","E00057362",2
"578","E00057363",4
"579","E00057364",4
"580","E00057365",2
"581","E00057366",4
"582","E00057367",2
"583","E00057368",4
"584","E00057369",2
"585","E00057370",4
"586","E00057371",2
"587","E00057372",2
"588","E00057374",2
"589","E00057375",2
"590","E00057376",2
"591","E00057377",4
"592","E00057378",2
"593","E00057379",2
"594","E00057380",2
"595","E00057382",2
"596","E00057383",4
"597","E00057384",4
"598","E00057385",4
"599","E00057386",2
"600","E00057387",3
"601","E00057388",3
"602","E00057389",4
"603","E00057390",2
"604","E00057391",2
"605","E00057392",2
"606","E00057393",4
"607","E00057394",4
"608","E00057395",2
"609","E00057396",2
"610","E00057397",4
"611","E00057398",2
"612","E00057399",2
"613","E00057400",2
"614","E00057401",2
"615","E00057402",4
"616","E00057403",2
"617","E00057404",4
"618","E00057405",4
"619","E00057406",2
"620","E00057407",4
"621","E00057408",2
"622","E00057409",4
"623","E00057410",4
"624","E00057411",2
"625","E00057412",4
"626","E00057413",4
"627","E00057414",4
"628","E00057415",2
"629","E00057416",4
"630","E00057417",4
"631","E00057418",2
"632","E00057419",2
"633","E00057420",2
"634","E00057421",2
"635","E00057422",2
"636","E00057423",2
"637","E00057424",2
"638","E00057425",2
"639","E00057426",2
"640","E00057427",2
"641","E00057428",2
"642","E00057429",2
"643","E00057430",4
"644","E00057431",4
"645","E00057432",4
"646","E00057433",4
"647","E00057434",4
"648","E00057435",4
"649","E00057436",4
"650","E00057437",4
"651","E00057438",4
"652","E00057439",4
"653","E00057440",4
"654","E00057441",4
"655","E00057442",2
"656","E00057443",4
"657","E00057444",4
"658","E00057445",2
"659","E00057446",4
"660","E00057447",4
"661","E00057448",4
"662","E00057449",2
"663","E00057450",2
"664","E00057451",4
"665","E00057452",4
"666","E00057453",2
"667","E00057454",2
"668","E00057455",2
"669","E00057456",2
"670","E00057457",2
"671","E00057458",4
"672","E00057459",4
"673","E00057460",2
"674","E00057461",4
"675","E00057462",2
"676","E00057463",4
"677","E00057464",4
"678","E00057465",4
"679","E00057466",2
"680","E00057467",2
"681","E00057468",2
"682","E00057469",2
"683","E00057470",2
"684","E00057471",4
"685","E00057472",4
"686","E00057473",2
"687","E00057474",2
"688","E00057475",2
"689","E00057476",2
"690","E00057477",4
"691","E00057478",4
"692","E00057479",4
"693","E00057480",4
"694","E00057481",4
"695","E00057482",4
"696","E00057483",2
"697","E00057484",4
"698","E00057485",2
"699","E00057486",4
"700","E00057487",2
"701","E00057488",4
"702","E00057489",4
"703","E00057490",4
"704","E00057491",4
"705","E00057492",4
"706","E00057493",4
"707","E00057494",4
"708","E00057495",4
"709","E00057496",4
"710","E00057497",2
"711","E00057498",2
"712","E00057499",4
"713","E00057500",2
"714","E00057501",4
"715","E00057502",4
"716","E00057503",4
"717","E00057504",4
"718","E00057505",2
"719","E00057506",4
"720","E00057507",4
"721","E00057508",2
"722","E00057509",2
"723","E00057510",4
"724","E00057511",4
"725","E00057512",4
"726","E00057513",4
"727","E00057514",4
"728","E00057515",4
"729","E00057516",4
"730","E00057517",4
"731","E00057518",4
"732","E00057519",4
"733","E00057520",4
"734","E00057521",4
"735","E00057522",4
"736","E00057523",4
"737","E00057524",4
"738","E00057525",4
"739","E00057526",4
"740","E00057527",4
"741","E00057528",4
"742","E00057529",4
"743","E00057530",4
"744","E00057531",2
"745","E00057532",2
"746","E00057533",2
"747","E00057534",4
"748","E00057535",2
"749","E00057536",2
"750","E00057537",2
"751","E00057538",4
"752","E00057539",2
"753","E00057540",2
"754","E00057541",2
"755","E00057542",4
"756","E00057543",2
"757","E00057544",2
"758","E00057545",4
"759","E00057546",4
"760","E00057547",4
"761","E00057548",4
"762","E00057549",4
"763","E00057550",2
"764","E00057551",2
"765","E00057552",4
"766","E00057553",4
"767","E00057554",2
"768","E00057555",2
"769","E00057556",2
"770","E00057557",2
"771","E00057558",2
"772","E00057559",2
"773","E00057560",2
"774","E00057561",4
"775","E00057562",2
"776","E00057563",4
"777","E00057564",4
"778","E00057565",4
"779","E00057566",2
"780","E00057567",4
"781","E00057568",2
"782","E00057570",2
"783","E00057571",4
"784","E00057573",4
"785","E00057574",4
"786","E00057575",4
"787","E00057576",3
"788","E00057577",4
"789","E00057578",2
"790","E00057579",4
"791","E00057580",2
"792","E00057581",4
"793","E00057582",4
"794","E00057583",4
"795","E00057584",4
"796","E00057585",4
"797","E00057586",4
"798","E00057587",4
"799","E00057589",4
"800","E00057590",4
"801","E00057591",4
"802","E00057592",4
"803","E00057593",2
"804","E00057594",4
"805","E00057595",4
"806","E00057596",4
"807","E00057597",3
"808","E00057598",4
"809","E00057599",4
"810","E00057600",4
"811","E00057601",4
"812","E00057602",2
"813","E00057603",4
"814","E00057604",4
"815","E00057605",4
"816","E00057606",4
"817","E00057607",4
"818","E00057608",4
"819","E00057609",4
"820","E00057610",4
"821","E00057611",4
"822","E00057612",4
"823","E00057613",4
"824","E00057614",4
"825","E00057615",4
"826","E00057616",4
"827","E00057617",4
"828","E00057618",4
"829","E00057619",4
"830","E00057620",4
"831","E00057621",4
"832","E00057622",4
"833","E00057623",2
"834","E00057624",2
"835","E00057625",4
"836","E00057626",4
"837","E00057627",2
"838","E00057628",1
"839","E00057629",1
"840","E00057630",1
"841","E00057631",3
"842","E00057632",1
"843","E00057633",1
"844","E00057634",4
"845","E00057635",1
"846","E00057637",1
"847","E00057638",1
"848","E00057639",1
"849","E00057641",3
"850","E00057642",3
"851","E00057643",1
"852","E00057645",1
"853","E00057646",1
"854","E00057647",1
"855","E00057648",1
"856","E00057649",1
"857","E00057650",1
"858","E00057651",1
"859","E00057652",1
"860","E00057653",1
"861","E00057654",1
"862","E00057655",1
"863","E00057656",1
"864","E00057657",1
"865","E00057658",1
"866","E00057659",1
"867","E00057660",1
"868","E00057661",1
"869","E00057662",1
"870","E00057663",1
"871","E00057664",1
"872","E00057665",1
"873","E00057666",1
"874","E00057667",3
"875","E00057668",1
"876","E00057669",1
"877","E00057670",1
"878","E00057671",4
"879","E00057672",4
"880","E00057673",3
"881","E00057674",3
"882","E00057675",4
"883","E00057676",4
"884","E00057679",1
"885","E00057680",3
"886","E00057681",3
"887","E00057682",1
"888","E00057683",1
"889","E00057684",1
"890","E00057685",3
"891","E00057686",1
"892","E00057687",1
"893","E00057689",1
"894","E00057690",1
"895","E00057691",1
"896","E00057692",1
"897","E00057693",1
"898","E00057695",1
"899","E00057696",3
"900","E00057697",3
"901","E00057698",3
"902","E00057699",1
"903","E00057700",1
"904","E00057701",1
"905","E00057702",1
"906","E00057703",1
"907","E00057704",1
"908","E00057705",2
"909","E00057706",2
"910","E00057707",2
"911","E00057708",2
"912","E00057709",2
"913","E00057710",2
"914","E00057711",2
"915","E00057712",2
"916","E00057713",2
"917","E00057714",4
"918","E00057715",2
"919","E00057716",2
"920","E00057717",2
"921","E00057718",2
"922","E00057719",2
"923","E00057720",2
"924","E00057721",4
"925","E00057722",2
"926","E00057723",2
"927","E00057724",2
"928","E00057725",2
"929","E00057727",2
"930","E00057728",2
"931","E00057729",2
"932","E00057730",2
"933","E00057731",4
"934","E00057732",2
"935","E00057733",2
"936","E00057734",2
"937","E00057735",2
"938","E00057736",4
"939","E00057737",4
"940","E00057738",1
"941","E00057739",3
"942","E00057740",2
"943","E00057741",2
"944","E00057742",2
"945","E00057743",2
"946","E00057744",4
"947","E00057745",2
"948","E00057746",4
"949","E00057747",3
"950","E00057748",4
"951","E00057749",2
"952","E00057750",2
"953","E00057751",2
"954","E00057752",4
"955","E00057753",2
"956","E00057754",4
"957","E00057755",4
"958","E00057756",4
"959","E00057757",4
"960","E00057758",4
"961","E00057759",4
"962","E00057760",4
"963","E00057761",4
"964","E00057762",4
"965","E00057763",4
"966","E00057764",4
"967","E00057765",4
"968","E00057766",4
"969","E00057767",4
"970","E00057768",2
"971","E00057769",2
"972","E00057770",4
"973","E00057771",4
"974","E00057772",2
"975","E00057773",2
"976","E00057774",2
"977","E00057775",2
"978","E00057776",4
"979","E00057777",4
"980","E00057778",4
"981","E00057779",4
"982","E00057780",4
"983","E00057781",2
"984","E00057782",4
"985","E00057783",4
"986","E00057784",4
"987","E00057785",4
"988","E00057786",2
"989","E00057787",3
"990","E00057788",4
"991","E00057789",4
"992","E00057790",4
"993","E00057791",4
"994","E00057792",4
"995","E00057793",4
"996","E00057794",4
"997","E00057795",4
"998","E00057796",4
"999","E00057797",4
"1000","E00057798",4
"1001","E00057799",4
"1002","E00057800",4
"1003","E00057801",4
"1004","E00057802",4
"1005","E00057803",4
"1006","E00057804",4
"1007","E00057805",4
"1008","E00057806",4
"1009","E00057807",3
"1010","E00057808",4
"1011","E00057809",4
"1012","E00057810",4
"1013","E00057811",4
"1014","E00057812",4
"1015","E00057813",4
"1016","E00057814",2
"1017","E00057815",4
"1018","E00057816",4
"1019","E00057817",4
"1020","E00057818",4
"1021","E00057819",4
"1022","E00057820",4
"1023","E00057821",4
"1024","E00057822",4
"1025","E00057823",4
"1026","E00057824",4
"1027","E00057825",4
"1028","E00057826",3
"1029","E00057827",4
"1030","E00057828",4
"1031","E00057829",4
"1032","E00057830",4
"1033","E00057831",4
"1034","E00057832",3
"1035","E00057833",1
"1036","E00057834",4
"1037","E00057835",4
"1038","E00057838",4
"1039","E00057839",4
"1040","E00057840",4
"1041","E00057841",4
"1042","E00057842",3
"1043","E00057843",3
"1044","E00057844",4
"1045","E00057845",1
"1046","E00057846",3
"1047","E00057847",4
"1048","E00057848",3
"1049","E00057849",1
"1050","E00057850",3
"1051","E00057851",3
"1052","E00057852",1
"1053","E00057853",3
"1054","E00057854",3
"1055","E00057855",3
"1056","E00057856",3
"1057","E00057857",4
"1058","E00057858",3
"1059","E00057859",3
"1060","E00057860",4
"1061","E00057861",4
"1062","E00057862",4
"1063","E00057863",4
"1064","E00057864",4
"1065","E00057865",4
"1066","E00057866",4
"1067","E00057867",4
"1068","E00057868",4
"1069","E00057869",4
"1070","E00057871",4
"1071","E00057872",2
"1072","E00057873",3
"1073","E00057874",2
"1074","E00057875",4
"1075","E00057876",4
"1076","E00057877",4
"1077","E00057878",3
"1078","E00057879",3
"1079","E00057880",3
"1080","E00057881",3
"1081","E00057882",3
"1082","E00057883",3
"1083","E00057884",4
"1084","E00057885",3
"1085","E00057887",3
"1086","E00057888",3
"1087","E00057889",4
"1088","E00057891",1
"1089","E00057892",1
"1090","E00057893",4
"1091","E00057894",1
"1092","E00057895",4
"1093","E00057896",3
"1094","E00057897",3
"1095","E00057898",3
"1096","E00057899",4
"1097","E00057900",3
"1098","E00057901",3
"1099","E00057902",2
"1100","E00057903",4
"1101","E00057904",4
"1102","E00057905",2
"1103","E00057906",4
"1104","E00057907",4
"1105","E00057908",4
"1106","E00057909",4
"1107","E00057911",4
"1108","E00057913",4
"1109","E00057914",4
"1110","E00057916",4
"1111","E00057917",4
"1112","E00057918",2
"1113","E00057919",4
"1114","E00057920",4
"1115","E00057921",4
"1116","E00057922",4
"1117","E00057923",4
"1118","E00057924",4
"1119","E00057925",4
"1120","E00057926",4
"1121","E00057927",2
"1122","E00057928",4
"1123","E00057929",4
"1124","E00057932",2
"1125","E00057933",4
"1126","E00057934",4
"1127","E00057935",4
"1128","E00057936",4
"1129","E00057937",4
"1130","E00057938",4
"1131","E00057939",4
"1132","E00057940",2
"1133","E00057941",2
"1134","E00057942",4
"1135","E00057943",4
"1136","E00057944",4
"1137","E00057945",4
"1138","E00057946",4
"1139","E00057947",4
"1140","E00057949",4
"1141","E00057950",4
"1142","E00057951",4
"1143","E00057952",4
"1144","E00057955",4
"1145","E00057956",4
"1146","E00057957",4
"1147","E00057959",2
"1148","E00057960",4
"1149","E00057961",2
"1150","E00057962",2
"1151","E00057963",2
"1152","E00057965",4
"1153","E00057966",4
"1154","E00057967",2
"1155","E00057968",2
"1156","E00057969",2
"1157","E00057970",2
"1158","E00057971",2
"1159","E00057972",2
"1160","E00057973",2
"1161","E00057974",2
"1162","E00057975",2
"1163","E00057976",4
"1164","E00057977",2
"1165","E00057978",2
"1166","E00057979",2
"1167","E00057980",2
"1168","E00057981",2
"1169","E00057982",2
"1170","E00057983",4
"1171","E00057984",4
"1172","E00057985",2
"1173","E00057986",2
"1174","E00057987",2
"1175","E00057988",2
"1176","E00057989",4
"1177","E00057990",4
"1178","E00057991",2
"1179","E00057992",2
"1180","E00057993",4
"1181","E00057994",2
"1182","E00057995",2
"1183","E00057996",2
"1184","E00057997",4
"1185","E00057998",4
"1186","E00057999",4
"1187","E00058000",2
"1188","E00058001",2
"1189","E00058002",3
"1190","E00058003",2
"1191","E00058004",2
"1192","E00058005",2
"1193","E00058006",2
"1194","E00058007",2
"1195","E00058008",2
"1196","E00058009",2
"1197","E00058010",2
"1198","E00058011",4
"1199","E00058012",2
"1200","E00058013",2
"1201","E00058014",2
"1202","E00058015",4
"1203","E00058016",2
"1204","E00058017",2
"1205","E00058018",2
"1206","E00058019",2
"1207","E00058020",2
"1208","E00058021",2
"1209","E00058022",4
"1210","E00058023",2
"1211","E00058024",2
"1212","E00058025",2
"1213","E00058026",2
"1214","E00058027",2
"1215","E00058028",2
"1216","E00058029",4
"1217","E00058030",2
"1218","E00058031",3
"1219","E00058032",2
"1220","E00058033",2
"1221","E00058034",2
"1222","E00058036",2
"1223","E00058037",2
"1224","E00058038",4
"1225","E00058039",3
"1226","E00058040",4
"1227","E00058041",2
"1228","E00058042",4
"1229","E00058043",2
"1230","E00058044",2
"1231","E00058045",2
"1232","E00058047",2
"1233","E00058048",2
"1234","E00058049",2
"1235","E00058050",4
"1236","E00058051",2
"1237","E00058052",2
"1238","E00058053",4
"1239","E00058054",4
"1240","E00058055",4
"1241","E00058056",4
"1242","E00058057",2
"1243","E00058058",2
"1244","E00058059",2
"1245","E00058060",2
"1246","E00058061",2
"1247","E00058062",2
"1248","E00058063",2
"1249","E00058064",2
"1250","E00058065",4
"1251","E00058066",4
"1252","E00058067",2
"1253","E00058068",2
"1254","E00058069",2
"1255","E00058070",2
"1256","E00058071",4
"1257","E00058072",2
"1258","E00058073",2
"1259","E00058074",4
"1260","E00058075",4
"1261","E00058076",2
"1262","E00058077",4
"1263","E00058078",2
"1264","E00058079",2
"1265","E00058080",4
"1266","E00058081",4
"1267","E00058082",4
"1268","E00058083",4
"1269","E00058084",2
"1270","E00058086",2
"1271","E00058087",4
"1272","E00058088",4
"1273","E00058089",2
"1274","E00058090",2
"1275","E00058091",2
"1276","E00058092",2
"1277","E00058093",2
"1278","E00058094",4
"1279","E00058095",2
"1280","E00058096",4
"1281","E00058097",4
"1282","E00058098",2
"1283","E00058099",2
"1284","E00058100",4
"1285","E00058101",2
"1286","E00058102",4
"1287","E00058103",2
"1288","E00058104",4
"1289","E00058105",2
"1290","E00058106",4
"1291","E00058107",2
"1292","E00058108",4
"1293","E00058109",2
"1294","E00058110",2
"1295","E00058111",4
"1296","E00058112",4
"1297","E00058113",4
"1298","E00058114",4
"1299","E00058115",4
"1300","E00058116",4
"1301","E00058117",4
"1302","E00058118",4
"1303","E00058119",4
"1304","E00058120",4
"1305","E00058121",2
"1306","E00058122",4
"1307","E00058123",4
"1308","E00058124",2
"1309","E00058125",4
"1310","E00058126",2
"1311","E00058127",2
"1312","E00058128",2
"1313","E00058129",2
"1314","E00058130",4
"1315","E00058131",2
"1316","E00058132",2
"1317","E00058133",2
"1318","E00058134",2
"1319","E00058135",2
"1320","E00058136",2
"1321","E00058137",2
"1322","E00058138",2
"1323","E00058139",4
"1324","E00058140",4
"1325","E00058141",2
"1326","E00058142",4
"1327","E00058143",2
"1328","E00058144",2
"1329","E00058145",2
"1330","E00058146",2
"1331","E00058147",4
"1332","E00058148",2
"1333","E00058149",2
"1334","E00058150",2
"1335","E00058151",4
"1336","E00058152",2
"1337","E00058153",2
"1338","E00058154",2
"1339","E00058155",2
"1340","E00058156",2
"1341","E00058157",4
"1342","E00058158",2
"1343","E00058159",2
"1344","E00058160",2
"1345","E00058161",2
"1346","E00058162",2
"1347","E00058163",2
"1348","E00058164",2
"1349","E00058165",2
"1350","E00058166",4
"1351","E00058167",2
"1352","E00058168",2
"1353","E00058169",2
"1354","E00058170",4
"1355","E00058171",2
"1356","E00058172",2
"1357","E00058173",2
"1358","E00058174",2
"1359","E00058175",4
"1360","E00058177",4
"1361","E00058178",4
"1362","E00058179",2
"1363","E00058180",4
"1364","E00058181",4
"1365","E00058182",2
"1366","E00058183",4
"1367","E00058184",4
"1368","E00058185",4
"1369","E00058186",4
"1370","E00058187",2
"1371","E00058188",4
"1372","E00058189",3
"1373","E00058190",4
"1374","E00058191",4
"1375","E00058192",4
"1376","E00058193",2
"1377","E00058194",2
"1378","E00058195",4
"1379","E00058196",4
"1380","E00058197",4
"1381","E00058199",4
"1382","E00058200",4
"1383","E00058201",4
"1384","E00058202",4
"1385","E00058204",4
"1386","E00058205",4
"1387","E00058206",4
"1388","E00058207",2
"1389","E00058208",4
"1390","E00058209",2
"1391","E00058210",2
"1392","E00058211",2
"1393","E00058212",4
"1394","E00058213",4
"1395","E00058214",4
"1396","E00058215",4
"1397","E00058216",4
"1398","E00058217",4
"1399","E00058218",2
"1400","E00058219",4
"1401","E00058220",4
"1402","E00058221",4
"1403","E00058222",4
"1404","E00058223",2
"1405","E00058224",2
"1406","E00058225",2
"1407","E00058226",2
"1408","E00058227",4
"1409","E00058228",2
"1410","E00058229",2
"1411","E00058230",4
"1412","E00058231",4
"1413","E00058232",4
"1414","E00058233",4
"1415","E00058234",2
"1416","E00058235",2
"1417","E00058236",2
"1418","E00058237",2
"1419","E00058238",2
"1420","E00058239",2
"1421","E00058240",2
"1422","E00058241",2
"1423","E00058242",2
"1424","E00058243",2
"1425","E00058244",2
"1426","E00058245",3
"1427","E00058246",2
"1428","E00058247",2
"1429","E00058248",2
"1430","E00058249",2
"1431","E00058250",3
"1432","E00058251",2
"1433","E00058252",2
"1434","E00058253",2
"1435","E00058254",4
"1436","E00058255",2
"1437","E00058256",4
"1438","E00058257",4
"1439","E00058258",4
"1440","E00058259",3
"1441","E00058260",4
"1442","E00058261",4
"1443","E00058262",4
"1444","E00058263",4
"1445","E00058264",4
"1446","E00058265",4
"1447","E00058266",2
"1448","E00058267",2
"1449","E00058268",2
"1450","E00058269",2
"1451","E00058270",2
"1452","E00058271",2
"1453","E00058272",2
"1454","E00058273",2
"1455","E00058274",2
"1456","E00058275",2
"1457","E00058276",2
"1458","E00058277",2
"1459","E00058278",2
"1460","E00058279",2
"1461","E00058280",2
"1462","E00058281",2
"1463","E00058282",2
"1464","E00058283",2
"1465","E00058284",2
"1466","E00058285",2
"1467","E00058286",4
"1468","E00058287",2
"1469","E00058288",2
"1470","E00058289",2
"1471","E00058290",2
"1472","E00058291",2
"1473","E00058292",2
"1474","E00058293",2
"1475","E00058294",2
"1476","E00058295",2
"1477","E00058296",2
"1478","E00058297",2
"1479","E00058298",2
"1480","E00058299",2
"1481","E00058300",2
"1482","E00058301",2
"1483","E00058302",2
"1484","E00058303",2
"1485","E00058304",2
"1486","E00058305",4
"1487","E00058306",2
"1488","E00058307",2
"1489","E00058308",2
"1490","E00058309",2
"1491","E00058310",2
"1492","E00058311",2
"1493","E00058312",2
"1494","E00058313",2
"1495","E00058314",2
"1496","E00058315",2
"1497","E00058317",2
"1498","E00058318",4
"1499","E00058319",2
"1500","E00058320",2
"1501","E00058321",2
"1502","E00058322",2
"1503","E00058323",2
"1504","E00058325",2
"1505","E00058326",2
"1506","E00058327",2
"1507","E00058328",2
"1508","E00058329",2
"1509","E00058330",2
"1510","E00058331",2
"1511","E00058332",2
"1512","E00058333",2
"1513","E00058334",2
"1514","E00058335",2
"1515","E00058336",2
"1516","E00058337",2
"1517","E00058338",2
"1518","E00058339",2
"1519","E00058340",2
"1520","E00058341",2
"1521","E00058342",2
"1522","E00058343",2
"1523","E00058344",2
"1524","E00058345",2
"1525","E00058346",2
"1526","E00058347",2
"1527","E00058348",2
"1528","E00058349",2
"1529","E00058350",2
"1530","E00058351",2
"1531","E00058352",3
"1532","E00058353",4
"1533","E00058354",4
"1534","E00058355",2
"1535","E00058356",2
"1536","E00058357",2
"1537","E00058358",2
"1538","E00058359",2
"1539","E00058360",4
"1540","E00058361",4
"1541","E00058362",2
"1542","E00058363",2
"1543","E00058364",2
"1544","E00058365",4
"1545","E00058366",2
"1546","E00058367",2
"1547","E00058368",2
"1548","E00058369",2
"1549","E00058370",4
"1550","E00058371",4
"1551","E00058372",2
"1552","E00058373",2
"1553","E00058374",4
"1554","E00058375",2
"1555","E00058376",2
"1556","E00058377",4
"1557","E00058378",2
"1558","E00058379",2
"1559","E00058380",2
"1560","E00058381",2
"1561","E00058382",2
"1562","E00058383",2
"1563","E00058384",2
"1564","E00058385",2
"1565","E00058386",2
"1566","E00058387",2
"1567","E00058388",2
"1568","E00058389",4
"1569","E00058390",2
"1570","E00058391",2
"1571","E00058392",4
"1572","E00058393",4
"1573","E00058394",4
"1574","E00058395",4
"1575","E00058396",2
"1576","E00058397",2
"1577","E00058398",4
"1578","E00058399",4
"1579","E00058400",4
"1580","E00058401",4
"1581","E00058402",2
"1582","E00058403",2
"1583","E00058404",2
"1584","E00058405",2
"1585","E00058406",2
"1586","E00058407",2
"1587","E00058408",2
"1588","E00058409",2
"1589","E00058410",4
"1590","E00058411",4
"1591","E00058412",4
"1592","E00058413",2
"1593","E00058414",4
"1594","E00058415",2
"1595","E00058416",4
"1596","E00058417",4
"1597","E00058418",2
"1598","E00058419",2
"1599","E00058420",4
"1600","E00058421",2
"1601","E00058422",4
"1602","E00058423",4
"1603","E00058424",4
"1604","E00058425",2
"1605","E00058426",4
"1606","E00058427",2
"1607","E00058428",2
"1608","E00058429",2
"1609","E00058430",4
"1610","E00058431",4
"1611","E00058432",2
"1612","E00058433",4
"1613","E00058434",2
"1614","E00058435",4
"1615","E00058436",4
"1616","E00058437",4
"1617","E00058438",4
"1618","E00058439",2
"1619","E00058440",4
"1620","E00058441",2
"1621","E00058442",2
"1622","E00058443",2
"1623","E00058444",2
"1624","E00058445",2
"1625","E00058446",2
"1626","E00058447",2
"1627","E00058448",2
"1628","E00058449",2
"1629","E00058450",2
"1630","E00058451",2
"1631","E00058452",2
"1632","E00058453",4
"1633","E00058454",4
"1634","E00058455",2
"1635","E00058456",4
"1636","E00058457",4
"1637","E00058458",4
"1638","E00058459",4
"1639","E00058460",2
"1640","E00058461",2
"1641","E00058462",4
"1642","E00058463",4
"1643","E00058464",4
"1644","E00058465",4
"1645","E00058466",4
"1646","E00058467",2
"1647","E00058468",2
"1648","E00058469",2
"1649","E00058470",2
"1650","E00058471",4
"1651","E00058472",4
"1652","E00058473",4
"1653","E00058474",4
"1654","E00058475",4
"1655","E00058476",2
"1656","E00058477",2
"1657","E00058478",4
"1658","E00058479",2
"1659","E00058480",2
"1660","E00058481",2
"1661","E00058482",2
"1662","E00058484",4
"1663","E00058485",4
"1664","E00058486",4
"1665","E00058487",2
"1666","E00058488",2
"1667","E00058489",2
"1668","E00058490",4
"1669","E00058491",4
"1670","E00058492",2
"1671","E00058493",2
"1672","E00058494",2
"1673","E00058495",2
"1674","E00058496",4
"1675","E00058497",4
"1676","E00058498",2
"1677","E00058499",2
"1678","E00058500",2
"1679","E00058501",4
"1680","E00058502",2
"1681","E00058503",4
"1682","E00058504",4
"1683","E00058505",4
"1684","E00058506",4
"1685","E00058507",2
"1686","E00058508",2
"1687","E00058509",4
"1688","E00058510",4
"1689","E00058511",4
"1690","E00058512",2
"1691","E00058513",4
"1692","E00058514",4
"1693","E00058515",2
"1694","E00058516",4
"1695","E00058517",4
"1696","E00058518",2
"1697","E00058519",4
"1698","E00058520",4
"1699","E00058521",4
"1700","E00058522",4
"1701","E00058523",2
"1702","E00058524",4
"1703","E00058525",4
"1704","E00058526",4
"1705","E00058527",2
"1706","E00058528",4
"1707","E00058529",4
"1708","E00058530",4
"1709","E00058531",2
"1710","E00058532",4
"1711","E00058533",4
"1712","E00058534",2
"1713","E00058535",2
"1714","E00058536",2
"1715","E00058537",2
"1716","E00058538",2
"1717","E00058539",4
"1718","E00058540",4
"1719","E00058541",4
"1720","E00058543",4
"1721","E00058544",4
"1722","E00058545",4
"1723","E00058546",4
"1724","E00058547",4
"1725","E00058548",4
"1726","E00058549",4
"1727","E00058550",4
"1728","E00058551",4
"1729","E00058552",4
"1730","E00058554",4
"1731","E00058555",4
"1732","E00058556",4
"1733","E00058557",4
"1734","E00058558",4
"1735","E00058559",4
"1736","E00058561",4
"1737","E00058562",4
"1738","E00058563",4
"1739","E00058564",4
"1740","E00058565",4
"1741","E00058566",4
"1742","E00058567",4
"1743","E00058568",4
"1744","E00058571",4
"1745","E00058572",4
"1746","E00058573",4
"1747","E00058574",4
"1748","E00058575",4
"1749","E00058576",4
"1750","E00058577",4
"1751","E00058578",4
"1752","E00058579",4
"1753","E00058580",4
"1754","E00058581",4
"1755","E00058583",4
"1756","E00058585",4
"1757","E00058586",4
"1758","E00058587",2
"1759","E00058588",4
"1760","E00058589",4
"1761","E00058590",4
"1762","E00058591",4
"1763","E00058592",4
"1764","E00058593",4
"1765","E00058594",4
"1766","E00058595",4
"1767","E00058596",4
"1768","E00058597",4
"1769","E00058598",4
"1770","E00058599",4
"1771","E00058600",4
"1772","E00058601",4
"1773","E00058602",2
"1774","E00058603",4
"1775","E00058604",2
"1776","E00058605",2
"1777","E00058606",4
"1778","E00058607",4
"1779","E00058608",4
"1780","E00058609",2
"1781","E00058610",2
"1782","E00058611",4
"1783","E00058612",4
"1784","E00058613",2
"1785","E00058614",2
"1786","E00058616",2
"1787","E00058618",4
"1788","E00058619",2
"1789","E00058620",4
"1790","E00058621",4
"1791","E00058622",4
"1792","E00058623",4
"1793","E00058624",2
"1794","E00058625",4
"1795","E00058626",4
"1796","E00058627",2
"1797","E00058628",2
"1798","E00058629",2
"1799","E00058630",2
"1800","E00058631",2
"1801","E00058632",4
"1802","E00058633",2
"1803","E00058634",4
"1804","E00058635",4
"1805","E00058636",4
"1806","E00058637",4
"1807","E00058638",2
"1808","E00058639",4
"1809","E00058640",2
"1810","E00058641",2
"1811","E00058642",2
"1812","E00058643",4
"1813","E00058644",4
"1814","E00058646",4
"1815","E00058647",4
"1816","E00058648",4
"1817","E00058649",2
"1818","E00058650",4
"1819","E00058651",4
"1820","E00058652",4
"1821","E00058653",4
"1822","E00058654",4
"1823","E00058655",4
"1824","E00058656",2
"1825","E00058657",4
"1826","E00058658",4
"1827","E00058659",4
"1828","E00058660",2
"1829","E00058661",4
"1830","E00058662",4
"1831","E00058663",4
"1832","E00058664",4
"1833","E00058665",2
"1834","E00058666",2
"1835","E00058667",4
"1836","E00058668",2
"1837","E00058669",4
"1838","E00058670",4
"1839","E00058671",2
"1840","E00058672",2
"1841","E00058673",2
"1842","E00058674",2
"1843","E00058675",2
"1844","E00058676",2
"1845","E00058677",2
"1846","E00058678",2
"1847","E00058679",2
"1848","E00058680",2
"1849","E00058681",2
"1850","E00058682",2
"1851","E00058683",2
"1852","E00058684",2
"1853","E00058685",3
"1854","E00058686",2
"1855","E00058687",2
"1856","E00058688",2
"1857","E00058689",3
"1858","E00058690",2
"1859","E00058691",2
"1860","E00058692",2
"1861","E00058693",2
"1862","E00058694",2
"1863","E00058695",4
"1864","E00058696",4
"1865","E00058697",2
"1866","E00058698",2
"1867","E00058699",2
"1868","E00058700",2
"1869","E00058701",2
"1870","E00058702",4
"1871","E00058703",3
"1872","E00058704",2
"1873","E00058705",3
"1874","E00058706",2
"1875","E00058707",4
"1876","E00058708",2
"1877","E00058709",2
"1878","E00058710",2
"1879","E00058711",2
"1880","E00058712",2
"1881","E00058713",4
"1882","E00058714",2
"1883","E00058715",2
"1884","E00058716",2
"1885","E00058717",4
"1886","E00058718",2
"1887","E00058719",4
"1888","E00058720",2
"1889","E00058721",2
"1890","E00058722",4
"1891","E00058723",2
"1892","E00058724",2
"1893","E00058725",3
"1894","E00058726",2
"1895","E00058727",2
"1896","E00058728",3
"1897","E00058729",2
"1898","E00058730",2
"1899","E00058731",2
"1900","E00058732",2
"1901","E00058733",2
"1902","E00058734",2
"1903","E00058735",2
"1904","E00058736",2
"1905","E00058737",2
"1906","E00058738",2
"1907","E00058739",2
"1908","E00058740",2
"1909","E00058741",4
"1910","E00058742",2
"1911","E00058743",4
"1912","E00058744",4
"1913","E00058745",4
"1914","E00058746",4
"1915","E00058747",2
"1916","E00058748",4
"1917","E00058749",4
"1918","E00058750",4
"1919","E00058751",4
"1920","E00058752",4
"1921","E00058753",4
"1922","E00058754",4
"1923","E00058755",4
"1924","E00058756",4
"1925","E00058757",4
"1926","E00058759",4
"1927","E00058760",4
"1928","E00058761",4
"1929","E00058762",4
"1930","E00058764",4
"1931","E00058765",4
"1932","E00058766",4
"1933","E00058767",4
"1934","E00058768",4
"1935","E00058769",4
"1936","E00058770",4
"1937","E00058771",4
"1938","E00058772",4
"1939","E00058773",4
"1940","E00058774",4
"1941","E00058775",4
"1942","E00058776",4
"1943","E00058777",4
"1944","E00058778",4
"1945","E00058779",4
"1946","E00058780",4
"1947","E00058781",3
"1948","E00058782",4
"1949","E00058783",4
"1950","E00058784",4
"1951","E00058785",3
"1952","E00058786",4
"1953","E00058787",4
"1954","E00058788",4
"1955","E00058789",4
"1956","E00058790",4
"1957","E00058791",4
"1958","E00058792",4
"1959","E00058793",4
"1960","E00058794",4
"1961","E00058795",4
"1962","E00058796",4
"1963","E00058797",4
"1964","E00058798",4
"1965","E00058799",4
"1966","E00058800",1
"1967","E00058801",1
"1968","E00058802",3
"1969","E00058803",4
"1970","E00058805",4
"1971","E00058806",4
"1972","E00058807",4
"1973","E00058808",4
"1974","E00058809",4
"1975","E00058810",3
"1976","E00058811",1
"1977","E00058812",3
"1978","E00058813",3
"1979","E00058814",1
"1980","E00058815",3
"1981","E00058816",3
"1982","E00058817",3
"1983","E00058818",1
"1984","E00058821",1
"1985","E00058823",1
"1986","E00058826",1
"1987","E00058827",1
"1988","E00058828",1
"1989","E00058829",3
"1990","E00058830",4
"1991","E00058831",1
"1992","E00058832",3
"1993","E00058833",3
"1994","E00058834",1
"1995","E00058836",3
"1996","E00058837",3
"1997","E00058838",3
"1998","E00058839",3
"1999","E00058840",3
"2000","E00058842",3
"2001","E00058843",4
"2002","E00058844",4
"2003","E00058847",4
"2004","E00058849",4
"2005","E00058850",4
"2006","E00058851",3
"2007","E00058852",1
"2008","E00058853",3
"2009","E00058854",4
"2010","E00058855",1
"2011","E00058856",1
"2012","E00058858",4
"2013","E00058859",3
"2014","E00058861",3
"2015","E00058862",3
"2016","E00058864",3
"2017","E00058865",3
"2018","E00058866",1
"2019","E00058867",3
"2020","E00058869",3
"2021","E00058870",3
"2022","E00058871",3
"2023","E00058872",1
"2024","E00058873",3
"2025","E00058874",3
"2026","E00058875",3
"2027","E00058876",3
"2028","E00058877",3
"2029","E00058878",3
"2030","E00058879",3
"2031","E00058880",3
"2032","E00058881",1
"2033","E00058884",1
"2034","E00058885",1
"2035","E00058887",4
"2036","E00058889",4
"2037","E00058890",4
"2038","E00058891",3
"2039","E00058892",3
"2040","E00058893",3
"2041","E00058894",3
"2042","E00058895",2
"2043","E00058896",3
"2044","E00058897",1
"2045","E00058898",1
"2046","E00058899",1
"2047","E00058900",2
"2048","E00058902",2
"2049","E00058903",4
"2050","E00058904",2
"2051","E00058905",3
"2052","E00058906",2
"2053","E00058907",4
"2054","E00058909",4
"2055","E00058910",3
"2056","E00058911",3
"2057","E00058912",3
"2058","E00058913",2
"2059","E00058914",3
"2060","E00058915",2
"2061","E00058917",3
"2062","E00058918",2
"2063","E00058919",3
"2064","E00058920",4
"2065","E00058921",3
"2066","E00058922",4
"2067","E00058923",3
"2068","E00058924",2
"2069","E00058925",3
"2070","E00058926",3
"2071","E00058927",3
"2072","E00058928",3
"2073","E00058929",3
"2074","E00058930",3
"2075","E00058931",1
"2076","E00058932",4
"2077","E00058933",4
"2078","E00058934",2
"2079","E00058935",4
"2080","E00058936",4
"2081","E00058937",4
"2082","E00058938",2
"2083","E00058939",4
"2084","E00058940",2
"2085","E00058941",2
"2086","E00058942",2
"2087","E00058943",3
"2088","E00058944",4
"2089","E00058945",4
"2090","E00058947",2
"2091","E00058948",2
"2092","E00058949",4
"2093","E00058950",4
"2094","E00058951",3
"2095","E00058952",4
"2096","E00058953",4
"2097","E00058954",4
"2098","E00058955",4
"2099","E00058956",4
"2100","E00058957",2
"2101","E00058958",2
"2102","E00058959",2
"2103","E00058960",2
"2104","E00058961",2
"2105","E00058962",2
"2106","E00058963",2
"2107","E00058964",2
"2108","E00058965",2
"2109","E00058966",2
"2110","E00058967",2
"2111","E00058968",2
"2112","E00058969",2
"2113","E00058970",2
"2114","E00058971",2
"2115","E00058972",2
"2116","E00058973",2
"2117","E00058974",2
"2118","E00058975",2
"2119","E00058976",2
"2120","E00058977",2
"2121","E00058978",2
"2122","E00058979",2
"2123","E00058980",2
"2124","E00058981",2
"2125","E00058982",2
"2126","E00058983",2
"2127","E00058984",2
"2128","E00058985",2
"2129","E00058986",2
"2130","E00058987",2
"2131","E00058988",2
"2132","E00058989",2
"2133","E00058990",2
"2134","E00058991",2
"2135","E00058992",2
"2136","E00058993",2
"2137","E00058994",2
"2138","E00058995",2
"2139","E00058996",2
"2140","E00058997",2
"2141","E00058998",2
"2142","E00058999",2
"2143","E00059000",2
"2144","E00059001",2
"2145","E00059002",2
"2146","E00059003",2
"2147","E00059004",2
"2148","E00059005",2
"2149","E00059006",2
"2150","E00059007",2
"2151","E00059008",2
"2152","E00059010",2
"2153","E00059011",2
"2154","E00059012",2
"2155","E00059013",2
"2156","E00059014",2
"2157","E00059015",2
"2158","E00059016",2
"2159","E00059017",2
"2160","E00059018",2
"2161","E00059019",2
"2162","E00059020",2
"2163","E00059021",2
"2164","E00059022",2
"2165","E00059023",2
"2166","E00059024",2
"2167","E00059025",2
"2168","E00059026",2
"2169","E00059027",4
"2170","E00059028",2
"2171","E00059029",2
"2172","E00059030",2
"2173","E00059031",2
"2174","E00059032",2
"2175","E00059033",2
"2176","E00059034",2
"2177","E00059035",3
"2178","E00059036",2
"2179","E00059037",2
"2180","E00059038",2
"2181","E00059039",2
"2182","E00059040",2
"2183","E00059041",4
"2184","E00059042",4
"2185","E00059043",2
"2186","E00059044",4
"2187","E00059045",2
"2188","E00059047",2
"2189","E00059048",4
"2190","E00059049",4
"2191","E00059050",4
"2192","E00059051",4
"2193","E00059052",4
"2194","E00059053",4
"2195","E00059054",2
"2196","E00059055",4
"2197","E00059056",4
"2198","E00059057",2
"2199","E00059058",4
"2200","E00059059",2
"2201","E00059060",2
"2202","E00059061",4
"2203","E00059062",2
"2204","E00059063",4
"2205","E00059064",2
"2206","E00059065",4
"2207","E00059066",4
"2208","E00059067",4
"2209","E00059068",2
"2210","E00059069",4
"2211","E00059070",4
"2212","E00059071",4
"2213","E00059072",4
"2214","E00059073",4
"2215","E00059074",4
"2216","E00059075",4
"2217","E00059076",4
"2218","E00059077",4
"2219","E00059078",4
"2220","E00059079",4
"2221","E00059080",4
"2222","E00059081",4
"2223","E00059082",4
"2224","E00059083",4
"2225","E00059084",4
"2226","E00059085",4
"2227","E00059086",4
"2228","E00059087",4
"2229","E00059088",4
"2230","E00059089",4
"2231","E00059090",4
"2232","E00059091",4
"2233","E00059092",4
"2234","E00059093",4
"2235","E00059094",2
"2236","E00059095",2
"2237","E00059096",4
"2238","E00059097",2
"2239","E00059098",2
"2240","E00059099",2
"2241","E00059100",2
"2242","E00059101",2
"2243","E00059102",2
"2244","E00059103",2
"2245","E00059104",2
"2246","E00059105",2
"2247","E00059106",4
"2248","E00059107",2
"2249","E00059108",2
"2250","E00059109",4
"2251","E00059110",4
"2252","E00059111",4
"2253","E00059112",4
"2254","E00059113",4
"2255","E00059114",4
"2256","E00059115",4
"2257","E00059116",4
"2258","E00059117",4
"2259","E00059118",4
"2260","E00059119",4
"2261","E00059120",4
"2262","E00059121",4
"2263","E00059122",4
"2264","E00059123",4
"2265","E00059124",4
"2266","E00059125",4
"2267","E00059126",2
"2268","E00059127",4
"2269","E00059128",2
"2270","E00059129",4
"2271","E00059130",4
"2272","E00059131",4
"2273","E00059132",4
"2274","E00059133",4
"2275","E00059134",4
"2276","E00059135",4
"2277","E00059136",4
"2278","E00059137",4
"2279","E00059138",4
"2280","E00059139",4
"2281","E00059140",4
"2282","E00059141",4
"2283","E00059142",4
"2284","E00059143",4
"2285","E00059144",4
"2286","E00059146",4
"2287","E00059147",4
"2288","E00059148",4
"2289","E00059149",4
"2290","E00059150",4
"2291","E00059151",4
"2292","E00059152",2
"2293","E00059153",2
"2294","E00059154",2
"2295","E00059155",4
"2296","E00059156",4
"2297","E00059157",2
"2298","E00059158",4
"2299","E00059159",4
"2300","E00059160",2
"2301","E00059161",2
"2302","E00059163",2
"2303","E00059164",4
"2304","E00059165",2
"2305","E00059166",2
"2306","E00059167",4
"2307","E00059168",2
"2308","E00059169",2
"2309","E00059170",2
"2310","E00059171",4
"2311","E00059172",3
"2312","E00059173",4
"2313","E00059174",4
"2314","E00059175",4
"2315","E00059176",4
"2316","E00059177",2
"2317","E00059178",4
"2318","E00059179",4
"2319","E00059180",2
"2320","E00059181",4
"2321","E00059182",4
"2322","E00059183",4
"2323","E00059184",4
"2324","E00059185",4
"2325","E00059186",4
"2326","E00059187",4
"2327","E00059188",4
"2328","E00165673",2
"2329","E00165674",4
"2330","E00165675",2
"2331","E00165676",2
"2332","E00165677",2
"2333","E00165678",4
"2334","E00165679",4
"2335","E00165680",2
"2336","E00165681",4
"2337","E00165682",4
"2338","E00165683",4
"2339","E00165684",4
"2340","E00165685",4
"2341","E00165686",4
"2342","E00165687",4
"2343","E00165688",2
"2344","E00165689",4
"2345","E00165690",4
"2346","E00165691",2
"2347","E00165692",4
"2348","E00165693",4
"2349","E00165694",4
"2350","E00165695",4
"2351","E00165696",2
"2352","E00169576",3
"2353","E00169578",2
"2354","E00169579",2
"2355","E00169581",2
"2356","E00169583",1
"2357","E00169584",3
"2358","E00169586",3
"2359","E00169587",4
"2360","E00169589",2
"2361","E00169590",2
"2362","E00169592",2
"2363","E00169593",2
"2364","E00169595",3
"2365","E00169597",1
"2366","E00169598",3
"2367","E00169600",4
"2368","E00169601",1
"2369","E00169603",1
"2370","E00169604",1
"2371","E00169606",1
"2372","E00169607",3
"2373","E00169609",1
"2374","E00169611",1
"2375","E00169612",1
"2376","E00169614",1
"2377","E00169615",1
"2378","E00169617",1
"2379","E00169618",3
"2380","E00169620",4
"2381","E00169621",3
"2382","E00169623",3
"2383","E00169625",4
"2384","E00169626",3
"2385","E00169628",3
"2386","E00169629",3
"2387","E00169738",4
"2388","E00169739",2
"2389","E00169740",2
"2390","E00169741",2
"2391","E00169742",4
"2392","E00169743",1
"2393","E00169744",3
"2394","E00169745",4
"2395","E00169746",1
"2396","E00169747",1
"2397","E00169748",1
"2398","E00169749",2
"2399","E00169750",4
"2400","E00169751",4
"2401","E00169752",4
"2402","E00169753",3
"2403","E00169754",4
"2404","E00169755",4
"2405","E00169780",3
"2406","E00169782",3
"2407","E00169783",3
"2408","E00169785",1
"2409","E00169786",3
"2410","E00169788",1
"2411","E00169789",3
"2412","E00169791",3
"2413","E00169792",3
"2414","E00169794",3
"2415","E00169796",3
"2416","E00169797",3
"2417","E00169799",3
"2418","E00169800",3
"2419","E00169802",3
"2420","E00169803",3
"2421","E00169805",3
"2422","E00169806",4
"2423","E00169808",4
"2424","E00169810",3
"2425","E00169811",3
"2426","E00169813",3
"2427","E00169814",2
"2428","E00169816",3
"2429","E00169817",3
"2430","E00170032",3
"2431","E00170034",3
"2432","E00170035",3
"2433","E00170037",3
"2434","E00170038",1
"2435","E00170040",3
"2436","E00170041",2
"2437","E00170043",4
"2438","E00170044",3
"2439","E00170046",3
"2440","E00170048",3
"2441","E00170049",3
"2442","E00170051",3
"2443","E00170052",3
"2444","E00170054",3
"2445","E00170055",3
"2446","E00170057",3
"2447","E00170058",3
"2448","E00170259",4
"2449","E00170261",3
"2450","E00170262",3
"2451","E00170264",3
"2452","E00170265",3
"2453","E00170267",3
"2454","E00170268",3
"2455","E00170270",4
"2456","E00170271",1
"2457","E00170273",3
"2458","E00170275",3
"2459","E00170276",3
"2460","E00170278",4
"2461","E00170326",3
"2462","E00170327",4
"2463","E00170329",3
"2464","E00170331",3
"2465","E00170332",3
"2466","E00170433",3
"2467","E00170435",2
"2468","E00170436",4
"2469","E00170438",4
"2470","E00170439",2
"2471","E00170441",4
"2472","E00170443",4
"2473","E00170444",4
"2474","E00170446",4
"2475","E00170447",4
"2476","E00170449",3
"2477","E00170450",4
"2478","E00170452",4
"2479","E00170453",4
"2480","E00170455",4
"2481","E00170457",4
"2482","E00170458",4
"2483","E00170459",2
"2484","E00170460",2
"2485","E00170461",2
"2486","E00170462",4
"2487","E00170463",2
"2488","E00170464",2
"2489","E00170465",4
"2490","E00170466",4
"2491","E00170467",4
"2492","E00170468",4
"2493","E00170469",2
"2494","E00170470",4
"2495","E00170471",2
"2496","E00170472",2
"2497","E00170473",4
"2498","E00170474",4
"2499","E00170475",3
"2500","E00170476",4
"2501","E00170564",2
"2502","E00170565",4
"2503","E00170567",2
"2504","E00170568",2
"2505","E00170570",2
"2506","E00170572",2
"2507","E00170573",3
"2508","E00170575",2
"2509","E00170576",3
"2510","E00170578",3
"2511","E00170579",2
"2512","E00170581",1
"2513","E00170582",1
"2514","E00170584",4
"2515","E00170586",4
"2516","E00170587",3
"2517","E00170589",2
"2518","E00170590",4
"2519","E00170592",2
"2520","E00170593",2
"2521","E00170595",2
"2522","E00170596",4
"2523","E00170598",2
"2524","E00170600",4
"2525","E00170601",4
"2526","E00170603",4
"2527","E00170604",3
"2528","E00170606",4
"2529","E00170607",3
"2530","E00170609",3
"2531","E00170610",3
"2532","E00170612",3
"2533","E00170614",3
"2534","E00170615",4
"2535","E00170617",3
"2536","E00170618",4
"2537","E00170620",3
"2538","E00170621",3
"2539","E00170623",4
"2540","E00170887",2
"2541","E00170888",4
"2542","E00170889",2
"2543","E00170890",3
